País,Usuarios activos (% de la población)
Chile,83.6
Uruguay,83.3
Puerto Rico,81.6
Perú,81.4
Argentina,79.3
Ecuador,78.8
México,77.2
Colombia,76.4
Costa Rica,76.2
San Cristóbal y Nieves,75.0
Brasil,70.3
San Vicente y Las Granadinas,70.2
Bolivia,69.8
Barbados,69.6
Antigua y Barbuda,68.1
Trinidad y Tobago,67.1
Granada,66.5
Surinam,66.2
El Salvador,66.1
Bahamas,65.8
Belice,64.8
Panamá,64.4
República Dominicana,64.2
Guyana,63.4
Paraguay,59.9
Santa Lucia,59.8
Dominica,58.3
Cuba,55.5
Nicaragua,52.5
Guatemala,51.4
Jamaica,50.6
Venezuela,49.0
Honduras,48.1
Haití,20.0
